UKPRN,Name,Country,Ofs_Tariff_1920,TEF_1819,Student numbers,Total Expenditure
10007814,Cardiff University,Wales,,Silver,33510,"573,201"
10007790,The University of Edinburgh,Scotland,,No TEF,37830,"1,060,066"
10007794,The University of Glasgow,Scotland,,No TEF,37145,"695,820"
10000291,Anglia Ruskin University Higher Education Corporation,England,HEIs with low scores,Silver,32180,"270,231"
10008640,Falmouth University,England,Specialist HEI,Gold,6170,"64,303"
10007760,Birkbeck College,England,Specialist HEI,Silver,12070,"106,783"
10007792,University of Exeter,England,HEIs with high scores,Gold,30250,"512,915"
10007799,University of Newcastle upon Tyne,England,HEIs with high scores,Gold,27775,"530,603"
10007154,"University of Nottingham, the",England,HEIs with high scores,Gold,35785,"683,714"
